{"batch_size": 279, "dropout_rate": 0.4533880609439113, "global_avg_pooling": true, "kernel_size": 3, "learning_rate_init": 0.17153102159698608, "n_channels_conv_0": 1496, "n_channels_fc_0": 200, "n_conv_layers": 3, "n_fc_layers": 1, "optimizer": "SGD", "use_BN": true, "weight_decay": 0.07992645444656254, "n_channels_conv_1": 959, "n_channels_conv_2": 1128, "sgd_momentum": 0.447696976715019}