{"configuration": {"batch_size": 83, "dropout_rate": 0.4870059847901267, "global_avg_pooling": false, "kernel_size": 5, "learning_rate_init": 0.0006445829742324928, "n_channels_conv_0": 922, "n_channels_fc_0": 217, "n_conv_layers": 1, "n_fc_layers": 3, "optimizer": "Adam", "train_criterion": "cel", "use_BN": true, "weight_decay": 0.023676092358245488, "n_channels_fc_1": 127, "n_channels_fc_2": 97}, "top3": 0.75, "top5": 0.8823529481887817, "precision": 0.48025760447415894, "n_params": 12918637}
{"configuration": {"batch_size": 24, "dropout_rate": 0.03240477563125055, "global_avg_pooling": true, "kernel_size": 2, "learning_rate_init": 1.5046008896803648e-05, "n_channels_conv_0": 998, "n_channels_fc_0": 252, "n_conv_layers": 3, "n_fc_layers": 1, "optimizer": "AdamW", "train_criterion": "123", "use_BN": true, "weight_decay": 0.03451749028280292, "n_channels_conv_1": 1195, "n_channels_conv_2": 1511}, "top3": 0.8264705936113993, "top5": 0.9117647210756937, "precision": 0.6118279707918188, "n_params": 12401433}
{"configuration": {"batch_size": 27, "dropout_rate": 0.6502055199162389, "global_avg_pooling": true, "kernel_size": 3, "learning_rate_init": 2.521617803053944e-05, "n_channels_conv_0": 1043, "n_channels_fc_0": 109, "n_conv_layers": 2, "n_fc_layers": 1, "optimizer": "AdamW", "train_criterion": "123", "use_BN": false, "weight_decay": 0.05541272228105288, "n_channels_conv_1": 556}, "top3": 0.522549033164978, "top5": 0.7117647131284078, "precision": 0.21519838598113472, "n_params": 5311515}
{"configuration": {"batch_size": 30, "dropout_rate": 0.3061038663956671, "global_avg_pooling": false, "kernel_size": 5, "learning_rate_init": 0.0009951371413559533, "n_channels_conv_0": 1687, "n_channels_fc_0": 187, "n_conv_layers": 2, "n_fc_layers": 2, "optimizer": "SGD", "train_criterion": "cel", "use_BN": false, "weight_decay": 0.04142079722379129, "n_channels_conv_1": 1505, "n_channels_fc_1": 185, "sgd_momentum": 0.34081637249349134}, "top3": 0.3147058884302775, "top5": 0.4156862795352936, "precision": 0.059037910651678766, "n_params": 68144181}
{"configuration": {"batch_size": 17, "dropout_rate": 0.8669929899790603, "global_avg_pooling": true, "kernel_size": 3, "learning_rate_init": 0.00014735584743998554, "n_channels_conv_0": 586, "n_channels_fc_0": 191, "n_conv_layers": 1, "n_fc_layers": 2, "optimizer": "Adam", "train_criterion": "123", "use_BN": false, "weight_decay": 0.034936245293409926, "n_channels_fc_1": 153}, "top3": 0.18627451360225677, "top5": 0.30490196744600934, "precision": 0.003467032479542461, "n_params": 160519}
{"configuration": {"batch_size": 204, "dropout_rate": 0.8925169860499617, "global_avg_pooling": false, "kernel_size": 4, "learning_rate_init": 0.06475344059333014, "n_channels_conv_0": 1730, "n_channels_fc_0": 204, "n_conv_layers": 3, "n_fc_layers": 3, "optimizer": "SGD", "train_criterion": "123", "use_BN": false, "weight_decay": 0.04560644030463559, "n_channels_conv_1": 1661, "n_channels_conv_2": 1665, "n_channels_fc_1": 178, "n_channels_fc_2": 252, "sgd_momentum": 0.32627610527270134}, "top3": 0.1764705926179886, "top5": 0.29411765933036804, "precision": 0.003460207612456747, "n_params": 90739379}
{"configuration": {"batch_size": 21, "dropout_rate": 0.9226810824235927, "global_avg_pooling": false, "kernel_size": 5, "learning_rate_init": 0.8569729758268778, "n_channels_conv_0": 1507, "n_channels_fc_0": 67, "n_conv_layers": 1, "n_fc_layers": 3, "optimizer": "Adam", "train_criterion": "123", "use_BN": false, "weight_decay": 0.029393834762668006, "n_channels_fc_1": 155, "n_channels_fc_2": 200}, "top3": 0.1764705926179886, "top5": 0.29411765933036804, "precision": 0.003460207612456747, "n_params": 6621772}
{"configuration": {"batch_size": 38, "dropout_rate": 0.5265759265182091, "global_avg_pooling": true, "kernel_size": 5, "learning_rate_init": 0.019433220077124475, "n_channels_conv_0": 1614, "n_channels_fc_0": 166, "n_conv_layers": 2, "n_fc_layers": 3, "optimizer": "AdamW", "train_criterion": "cel", "use_BN": true, "weight_decay": 0.0211036523008602, "n_channels_conv_1": 1310, "n_channels_fc_1": 93, "n_channels_fc_2": 177}, "top3": 0.1764705926179886, "top5": 0.29411765933036804, "precision": 0.003460207612456747, "n_params": 53241143}
{"configuration": {"batch_size": 56, "dropout_rate": 0.006220946886754564, "global_avg_pooling": true, "kernel_size": 5, "learning_rate_init": 0.0006469055884757385, "n_channels_conv_0": 1192, "n_channels_fc_0": 123, "n_conv_layers": 1, "n_fc_layers": 1, "optimizer": "SGD", "train_criterion": "123", "use_BN": false, "weight_decay": 0.011233532568729422, "sgd_momentum": 0.3549395362825557}, "top3": 0.17549020051956177, "top5": 0.3009803891181946, "precision": 0.0036286821404040797, "n_params": 239439}
{"configuration": {"batch_size": 26, "dropout_rate": 0.16345130618134818, "global_avg_pooling": true, "kernel_size": 3, "learning_rate_init": 3.0127996281865212e-05, "n_channels_conv_0": 1055, "n_channels_fc_0": 199, "n_conv_layers": 2, "n_fc_layers": 3, "optimizer": "Adam", "train_criterion": "123", "use_BN": true, "weight_decay": 0.06109737635364638, "n_channels_conv_1": 1860, "n_channels_fc_1": 226, "n_channels_fc_2": 168}, "top3": 0.8058823744455973, "top5": 0.9098039468129476, "precision": 0.600708952484427, "n_params": 18154478}
{"configuration": {"batch_size": 226, "dropout_rate": 0.6845458431981519, "global_avg_pooling": true, "kernel_size": 5, "learning_rate_init": 0.005270343561935664, "n_channels_conv_0": 540, "n_channels_fc_0": 113, "n_conv_layers": 2, "n_fc_layers": 1, "optimizer": "AdamW", "train_criterion": "123", "use_BN": false, "weight_decay": 0.06465144939774765, "n_channels_conv_1": 860}, "top3": 0.3598039249579112, "top5": 0.5833333333333334, "precision": 0.05253921237793602, "n_params": 11751131}
{"configuration": {"batch_size": 23, "dropout_rate": 0.6048658069946053, "global_avg_pooling": true, "kernel_size": 3, "learning_rate_init": 0.003208358880014523, "n_channels_conv_0": 934, "n_channels_fc_0": 67, "n_conv_layers": 1, "n_fc_layers": 2, "optimizer": "Adam", "train_criterion": "cel", "use_BN": true, "weight_decay": 0.0801912297886442, "n_channels_fc_1": 172}, "top3": 0.4833333392937978, "top5": 0.6715686122576395, "precision": 0.18439749134034264, "n_params": 105302}
{"configuration": {"batch_size": 18, "dropout_rate": 0.7994248048374569, "global_avg_pooling": true, "kernel_size": 5, "learning_rate_init": 0.07684580945919445, "n_channels_conv_0": 1299, "n_channels_fc_0": 99, "n_conv_layers": 2, "n_fc_layers": 2, "optimizer": "Adam", "train_criterion": "123", "use_BN": true, "weight_decay": 0.03432445377451791, "n_channels_conv_1": 599, "n_channels_fc_1": 128}, "top3": 0.1764705926179886, "top5": 0.29411765933036804, "precision": 0.003460207612456747, "n_params": 19630037}
{"configuration": {"batch_size": 231, "dropout_rate": 0.38085193217529323, "global_avg_pooling": true, "kernel_size": 4, "learning_rate_init": 0.006672889512106709, "n_channels_conv_0": 1964, "n_channels_fc_0": 180, "n_conv_layers": 2, "n_fc_layers": 1, "optimizer": "Adam", "train_criterion": "cel", "use_BN": false, "weight_decay": 0.07093764780406557, "n_channels_conv_1": 620}, "top3": 0.3960784325997035, "top5": 0.5333333512147268, "precision": 0.15846028339707477, "n_params": 19694593}
{"configuration": {"batch_size": 131, "dropout_rate": 0.8163581082153376, "global_avg_pooling": false, "kernel_size": 4, "learning_rate_init": 0.008549953376281894, "n_channels_conv_0": 1229, "n_channels_fc_0": 167, "n_conv_layers": 2, "n_fc_layers": 2, "optimizer": "SGD", "train_criterion": "123", "use_BN": true, "weight_decay": 0.003484083302560275, "n_channels_conv_1": 947, "n_channels_fc_1": 193, "sgd_momentum": 0.09836887956922223}, "top3": 0.5401960810025533, "top5": 0.6872549057006836, "precision": 0.2531284384663593, "n_params": 20146558}
{"configuration": {"batch_size": 138, "dropout_rate": 0.073606388441386, "global_avg_pooling": true, "kernel_size": 4, "learning_rate_init": 0.0016402780744609895, "n_channels_conv_0": 2024,