{"model_size": 6767749, "precision": 0.7719432803684307, "top3_accuracy": 0.9147058725357056}